Ticker,Side,Price,RVOL,RSI,RS_1D,RS_1W,RS_1M,RS_3M,RS_1Y,52W_High,Earnings,Sector
WBD,LONG,23.625,0.314818585541971,60.30794934841807,2.8963455663945092,2.317019678980592,12.553598178250326,95.89551557205394,133.67953315801196,23.690000534057617,N/A,Communication Services
LLY,LONG,1107.0,0.20058136694288323,88.37845408197106,-0.26487391763965196,5.468752453240011,35.181780115607175,51.459872514446324,49.09652236946658,1109.93994140625,N/A,Health Care
GOOGL,LONG,318.2099914550781,0.4612102010355082,67.84342942662028,-1.6169957169338,8.674565113304112,18.97034807746789,50.48884568770524,93.98720147582831,323.44000244140625,N/A,Communication Services
GOOG,LONG,318.42498779296875,0.4534832241518054,68.05654423543464,-1.6113665243569164,8.681183114224211,18.62496609221054,50.072802385194116,92.00253055476506,323.6400146484375,N/A,Communication Services
AMAT,LONG,246.41969299316406,0.2603748085266923,57.93827408337021,1.6331296583563137,5.006894316749988,8.461922885021323,49.3935399862312,42.31838508155255,246.41969299316406,N/A,Information Technology
ALB,LONG,125.48999786376953,0.20582612385119953,81.32893343224686,0.1836146603996669,-0.15117953607963752,29.79933540303412,48.57616158448239,18.2977539916495,125.68000030517578,N/A,Materials
CAH,LONG,214.5399932861328,0.1553782524942016,91.0670418644381,0.3789816940932944,3.3828011127327473,31.789423265740922,43.96410423177946,78.61488376802245,214.5399932861328,N/A,Health Care
BIIB,LONG,182.49000549316406,0.2282268591625064,86.01392452823747,0.2912721255997175,8.670287293761469,22.369744195050558,37.57256983786456,15.573155508036528,182.49000549316406,N/A,Health Care
REGN,LONG,788.2750244140625,0.13807639804285324,86.30013591215376,0.12129973593448806,12.310688574519911,20.5939695816042,36.17146319054434,7.404724042225741,788.2750244140625,N/A,Health Care
WAT,LONG,402.8299865722656,0.2402866497856198,71.53540751513219,-2.3537164327175564,7.0644482584094614,16.441674333919366,35.33680323620647,7.861403929525279,417.2799987792969,N/A,Health Care
UHS,LONG,244.34500122070312,0.10896648391438804,70.03236301049202,0.24821355292701242,7.197068791606198,11.410264937430071,34.98202405340209,23.974736810811525,244.34500122070312,N/A,Health Care
MCK,LONG,890.0750122070312,0.1369782505172662,63.944186791292296,0.08939624010051439,4.411303951608914,10.624663803708634,30.853603483761095,43.45861944166292,890.0750122070312,N/A,Health Care
COR,LONG,372.6600036621094,0.21409496667576025,68.65924951443648,-0.5577041595438592,3.3071805262782528,11.212259891559295,28.763613088810903,53.267356855671125,374.75,N/A,Health Care
MRK,LONG,104.95500183105469,0.19160420029241917,90.54768362653822,-0.6672362356802686,10.420829522649555,20.596349883003672,27.378622977049627,9.742032478440743,105.66000366210938,N/A,Health Care
AVGO,LONG,392.260009765625,0.41200153971072584,64.65979144985903,1.8777786170558697,10.67659694832841,5.172000021928613,27.306690289271263,141.1905455966778,392.260009765625,N/A,Information Technology
HCA,LONG,516.1799926757812,0.15319445569922233,74.64805089575755,0.06397540088451947,7.3005436526469625,10.65900658824055,26.965105697625958,60.151393194805266,516.1799926757812,N/A,Health Care
INCY,LONG,105.94999694824219,0.11516806252150368,52.33645037514784,0.37896152052996346,4.569677524046112,15.602831624967784,26.58303561678599,47.727265957795375,108.26000213623047,N/A,Health Care
STLD,LONG,165.47999572753906,0.14106104335138392,72.88629089121552,0.7488558462947159,6.445380535789003,2.737932701799295,26.22778785941362,17.06323180056941,165.47999572753906,N/A,Materials
GM,LONG,73.08499908447266,0.23705586736875311,66.17144843485423,0.41907159974086117,6.693429320398048,4.601397182638434,25.276128321170678,26.192957489134283,73.08499908447266,N/A,Consumer Discretionary
A,LONG,155.52000427246094,0.6375804789922029,63.84004839049022,-1.0686976516509628,7.700838536010002,6.630097884316943,24.70574027767394,17.140979475018447,157.1999969482422,N/A,Health Care
APH,LONG,138.91000366210938,0.16383909181982406,51.093496916751235,0.7982048639453287,1.6464217325524944,1.1799915909386227,24.265219718648034,88.47261221634461,143.85000610351562,N/A,Information Technology
CMI,LONG,496.989990234375,0.08102757451726154,65.64102807669148,0.4141891507772,5.4675923254486,20.47694030256524,24.187882220845513,36.04611880095663,496.989990234375,N/A,Industrials
RL,LONG,366.739990234375,0.14840744064360872,77.61162210996437,0.6145377872085023,10.837761370398624,10.730669298746264,23.5884804811352,75.23293137964116,366.739990234375,N/A,Consumer Discretionary
CHRW,LONG,158.78500366210938,0.11215807623895074,72.25385362250488,0.9119780762192775,4.905525252257448,23.982973827848177,23.411585501804066,51.07519189576091,158.78500366210938,N/A,Industrials
WELL,LONG,205.76499938964844,0.1420681486110464,89.03956361490465,0.5743208723740567,4.502288353459583,14.951847291606214,23.398136575825855,51.81982626247024,205.76499938964844,N/A,Real Estate
IQV,LONG,231.02999877929688,0.09199743616352565,76.29726595061085,-0.3837527581386557,6.230459498782315,5.913901621840023,22.412973035205486,14.473288274216056,231.9199981689453,N/A,Health Care
NEM,LONG,88.95999908447266,0.189205627793482,60.40116136570803,3.1181204892540615,1.6569499632566709,12.125035531401673,22.318575585725654,109.18176552831954,98.2699966430664,N/A,Materials
EXE,LONG,118.3499984741211,0.16717603083454455,72.1010344665732,2.017064300320226,0.920953237802058,17.74496013223068,22.297833987814506,22.780579603556127,120.08824157714844,N/A,Energy
ISRG,LONG,576.52001953125,0.1262594301184362,62.19863256436667,-0.40595912826018044,2.1039962763194087,5.707842836631172,21.669767007202843,5.229347230073134,610.4500122070312,N/A,Health Care
DD,LONG,39.28499984741211,0.08908559184010359,50.874908093734255,1.3022204332425957,3.709077982258835,14.641215447730538,21.58915928571412,15.058511171370847,40.790000915527344,N/A,Materials
EXPD,LONG,147.27000427246094,0.11607204899704443,73.06997585361295,-0.210053906184815,5.8506426392385125,23.341710544736838,21.42975408538732,22.962506672714046,147.5800018310547,N/A,Industrials
JBHT,LONG,174.03509521484375,0.09623667266137007,57.68103214474823,1.1655504561848495,8.826348929160655,4.760637225469289,21.189972490545948,-3.4767307911690137,188.6665496826172,N/A,Industrials
COO,LONG,78.25499725341797,0.39244202024450003,81.96893949975359,0.05753505878027809,8.46153236095124,9.066198262603443,21.17527877769023,-22.36607650375134,104.9800033569336,N/A,Health Care
MNST,LONG,75.08999633789062,0.10386948056103018,82.85927536745012,0.3608615933810011,3.8589117128190464,8.323711293231906,21.073840347724236,38.90121056302771,75.08999633789062,N/A,Consumer Staples
AMGN,LONG,342.9201965332031,0.14021088104510612,76.09995015962392,0.5306825538322846,0.8662508911335021,18.239596406473744,20.922250954793007,20.21945424981979,342.9201965332031,N/A,Health Care
EXPE,LONG,258.8900146484375,0.07595011780638763,66.1381480866331,0.2905400005579928,7.888817888367039,15.100851712665087,20.777890717702576,41.13117277776175,273.19390869140625,N/A,Consumer Discretionary
TMO,LONG,590.2949829101562,0.4435612522493895,63.447787906959164,-1.2521405901637195,2.8764888748241457,5.857822882792751,20.640522628783753,15.414680291593118,605.0565185546875,N/A,Health Care
FICO,LONG,1803.3349609375,0.11160965032443068,64.46211954730249,-0.36823420234806115,3.869166749340125,8.201827934504324,19.71394589529183,-23.43664906835067,2382.39990234375,N/A,Information Technology
AAPL,LONG,277.9700012207031,0.15805751123435344,63.51695646535628,0.36104993161449883,3.5038739006751474,3.434750293973865,19.642011331452203,21.471783597352868,277.9700012207031,N/A,Information Technology
FDX,LONG,274.9150085449219,0.07604777821270577,66.05663042443213,0.38157280693973394,4.70160371571291,10.16429780924637,19.63364150724274,-6.201270222857513,298.1515197753906,N/A,Industrials
VTR,LONG,79.99500274658203,0.11044614568806307,82.99547425514822,0.6986408460714078,-0.0062465667724609375,14.197001087175053,19.268215776734877,29.626441600658502,80.0,N/A,Real Estate
JNJ,LONG,207.3699951171875,0.15829863876968664,98.22360192534055,0.33870274081579943,3.050039119008674,11.638921503385301,18.94364543517373,38.83648969718665,207.3699951171875,N/A,Health Care
SOLV,LONG,86.37999725341797,0.11042548458303884,99.75249777822094,0.7112051232671668,11.731988075604338,21.799209649785833,18.882456509513325,21.98842004187387,86.37999725341797,N/A,Health Care
TECH,LONG,64.45999908447266,0.1394365930750645,67.97080961213607,-2.110857132661448,11.503195905914687,0.9492675894868796,18.80537120750645,-9.05372244171173,78.30477142333984,N/A,Health Care
ROST,LONG,176.52999877929688,0.17079640912404023,85.15961490989879,0.01699647552231287,10.021814980926269,9.850654717904671,18.754080254238325,22.187430095672944,176.52999877929688,N/A,Consumer Discretionary
NEE,LONG,84.88500213623047,0.14294796914114113,65.79928936467238,0.06483591181021264,1.4118944365520303,2.2613392097968976,18.545998871015556,15.17480077928477,85.45136260986328,N/A,Utilities
LVS,LONG,68.06999969482422,0.09248868467996517,71.46341765988394,0.6506024830335466,6.276341064055702,17.434354856234545,18.43146328063161,38.83777739324421,68.06999969482422,N/A,Consumer Discretionary
PWR,LONG,456.1455993652344,0.22051355156007768,56.799198443004364,1.3341592663090207,2.396479699031895,3.7708651101824975,18.213202599223077,33.56731848777312,456.1455993652344,N/A,Industrials
EA,LONG,201.87049865722656,0.24470982425536178,62.03860497560999,0.1043811322496424,0.1441099432151649,0.7840716832455241,18.05982348207893,21.72617514132611,202.0500030517578,N/A,Communication Services
KEYS,LONG,196.0,0.18465696146886193,60.620752958295704,0.276267915473527,12.250157101471526,15.267000552148513,17.696512001876542,15.10453453434617,196.0,N/A,Information Technology
IDXX,LONG,758.47998046875,0.1497014035116599,62.68572045657657,-1.0695482189919225,8.805050499567212,19.56617661632616,17.224849871803816,81.78506332595093,766.6799926757812,N/A,Health Care
RVTY,LONG,104.43499755859375,0.0964937716528522,79.47046183689768,-1.075118063381142,13.20866944021002,8.278901879734168,17.127453987795672,-6.517085852577109,126.55815124511719,N/A,Health Care
MDT,LONG,105.49500274658203,0.1641452944476606,90.88741443460651,0.13764050741449374,5.137538964354893,13.155635469293681,15.588646943744555,26.39239954994881,105.49500274658203,N/A,Health Care
SRE,LONG,93.30999755859375,0.11135272028055695,52.40689847287302,0.9083987528947457,2.5159316633547535,0.821171779336316,15.402368393167487,2.173966437378727,94.01000213623047,N/A,Utilities
AKAM,LONG,90.44999694824219,0.05843228904225059,80.47499942706298,-0.28663007259910334,4.542302886798288,19.405936565336223,15.384612389965513,-2.6372492329337915,102.0999984741211,N/A,Information Technology
MTD,LONG,1480.2049560546875,0.16863476132040703,58.66994683375561,-1.7141248550332944,5.395420166602771,5.3841719493436635,15.36072300529423,21.53049678229555,1506.02001953125,N/A,Health Care
PLD,LONG,128.72000122070312,0.10989905829220299,64.9556450755107,1.0440394359266802,5.163398379115214,2.3862551470497317,15.294623498372495,15.222396196748544,128.72000122070312,N/A,Real Estate
BG,LONG,96.23999786376953,0.07191263522771697,56.602357390376405,-0.2797681758205828,3.3172262880019066,0.598549442294094,14.553738425543328,13.638377478098175,97.08695220947266,N/A,Consumer Staples
HII,LONG,313.5,0.0821170507628783,56.83782917192445,-0.39081464855335035,1.2139245445122793,4.800422761374468,14.44948143955811,61.6537427038391,324.19000244140625,N/A,Industrials
ROK,LONG,396.57000732421875,0.11659450153894309,64.588914672556,1.3467977755313054,6.467460166278527,9.958133207107345,14.005227035653146,38.57181352850052,396.57000732421875,N/A,Industrials
F,LONG,13.1899995803833,0.12426718276423059,54.10448066586364,0.15185652219815715,2.2480617862690178,1.6187699461499783,13.941451464693744,26.72051749866482,13.681768417358398,N/A,Consumer Discretionary
GILD,LONG,127.12999725341797,0.12886921050304842,57.356987345749424,0.007862261343616339,-0.7339814297199765,7.84696319606657,13.728542103873709,45.15782070004624,128.07000732421875,N/A,Health Care
WMT,LONG,109.05500030517578,0.1976321896234496,68.0627049361059,1.9205610328745681,8.393797478970821,5.704179742829418,13.468941434415061,21.758437300489742,109.05500030517578,N/A,Consumer Staples
MAR,LONG,305.3590087890625,0.20516034751099455,76.73385822227644,0.407409473815612,7.699000894656938,15.301968659909559,13.258314539018134,8.459631050963212,305.3590087890625,N/A,Consumer Discretionary
XEL,LONG,81.02999877929688,0.07929123100182608,53.40749080282552,0.7961181670699702,1.707042351711352,1.5159096581042864,12.88998185174297,17.338926896699224,81.8499984741211,N/A,Utilities
IVZ,LONG,24.65999984741211,0.13053249689806995,62.367446743580345,1.7746608060236646,7.591622012767085,3.8308194929766337,12.773631454572666,45.15958700345997,24.65999984741211,N/A,Financials
EQT,LONG,58.849998474121094,0.2083499891376464,59.596707795482196,3.68217092035219,-0.06792480207492568,13.116861957923964,12.727991746477919,29.697304349237008,60.84000015258789,N/A,Energy
L,LONG,108.7699966430664,0.12819063347374143,93.22028418999201,0.7596106697598026,3.2953404470491776,10.572322462241402,12.691670561594437,26.7324832469513,108.7699966430664,N/A,Financials
PH,LONG,859.4199829101562,0.15488126406082686,61.50640706333591,0.8661571138831814,4.7217518377594025,12.290384642222719,12.582147484808193,22.766501181783696,859.4199829101562,N/A,Industrials
MS,LONG,167.96499633789062,0.14650062108335027,56.33979627412109,1.5323724683211637,3.496828693407017,2.2865095407439417,12.523347480843627,28.19675380583884,169.9199981689453,N/A,Financials
TJX,LONG,153.63499450683594,0.15609691122995215,74.96610710968696,0.8169795407664271,5.366570934271997,6.976717747686556,12.367682072258624,28.0475771344171,153.63499450683594,N/A,Consumer Discretionary
HOLX,LONG,74.81999969482422,0.1577026044867542,67.00515084621046,-0.08012494764215727,0.8763671860936517,1.0944433660504238,12.308610942924192,-5.255162038405691,79.7300033569336,N/A,Health Care
DHR,LONG,229.0800018310547,0.22097424471116256,78.52493417966681,-0.7323319366111969,2.998965001177978,5.615494825870404,11.785615361246627,-2.277204134915245,249.37037658691406,N/A,Health Care
FTV,LONG,53.189998626708984,0.06607175413002017,66.71948405412644,-0.1689192091777314,5.493852753588091,8.197719267301885,10.923677239206707,-9.600989398111182,62.323341369628906,N/A,Industrials
ABBV,LONG,228.34249877929688,0.1409381032383946,61.17081880138099,-1.4915893990255613,-1.9610599849711696,0.3526876667148793,10.614008795366004,33.55562477186138,242.630859375,N/A,Health Care
EIX,LONG,59.599998474121094,0.12662399543284744,67.11709873406193,1.880339272001863,3.6521712593410305,6.333629411922037,10.589064865242115,-27.043015522720925,83.46788024902344,N/A,Utilities
CINF,LONG,168.5399932861328,0.11033828093288167,67.86427571251596,0.09501627193304607,4.262294865325256,11.064245987566924,10.485350092165845,10.248866113564326,168.5399932861328,N/A,Financials
AEP,LONG,122.38999938964844,0.13264554242228246,64.22984612656012,0.6662259799266268,0.558705373667645,7.162767891855926,10.355217053775622,29.783044496471955,123.72000122070312,N/A,Utilities
FE,LONG,47.474998474121094,0.12098488463039167,71.04719173645256,1.182865146706491,2.6708407241027743,3.8563232318377105,10.055274864801822,18.36468934809803,47.474998474121094,N/A,Utilities
BKR,LONG,49.904998779296875,0.11556656562921346,66.31315073552508,0.9609517928151012,2.939354889677892,4.768282500536958,10.033143769743402,15.19057392259584,50.31096649169922,N/A,Energy
ETR,LONG,96.32499694824219,0.13969474112125355,56.107311933298895,1.1073793873724869,2.4407084959471526,2.049920238579439,10.028177404794182,31.127986442588984,97.00264739990234,N/A,Utilities
CBOE,LONG,258.6000061035156,0.1519424954608235,61.01257186034775,0.49743461171447567,1.6949203394461154,8.414039083942981,9.920943697038776,22.32073497485647,260.8800048828125,N/A,Financials
CSCO,LONG,75.82499694824219,0.16622215401658777,67.46988488765362,-0.6485885070248498,-3.2721041732077905,4.413376591081164,9.87016162803398,32.84434768515656,78.38999938964844,N/A,Information Technology
ROL,LONG,61.56999969482422,0.07485433402066548,75.93333745649164,0.571706088112145,3.740524478144902,10.192408235951289,9.82012794902234,23.084707431232054,61.56999969482422,N/A,Industrials
GEHC,LONG,80.88999938964844,0.1236215696258319,68.87640468701915,1.1630819357480116,11.86558169097185,1.876571580774966,9.775714050090434,-1.6993426481359597,93.34632873535156,N/A,Health Care
WRB,LONG,77.88999938964844,0.04723209515110286,76.99839446401235,-0.038499460987961864,1.5647371365766105,7.2717239153199165,9.468891558095226,27.62647733626993,78.45999908447266,N/A,Financials
TRV,LONG,294.6099853515625,0.12178681308307257,84.06977455742134,0.309830816040213,3.2017319129070465,9.875799047675837,9.441859869281233,14.10178432592959,294.6099853515625,N/A,Financials
MMM,LONG,171.66000366210938,0.1299345100985605,69.02580006535462,0.06996058101529368,3.049586850291197,3.3372978430715516,9.417125930490688,36.194473220381006,171.66000366210938,N/A,Industrials
STE,LONG,267.06500244140625,0.08256244720041162,59.8842942465777,-0.2707368013672551,4.850612619008032,10.723468416425508,9.392792279490592,25.540671637642596,267.989990234375,N/A,Health Care
EVRG,LONG,77.1449966430664,0.07669632197657272,64.00859319299036,0.7509428634372206,2.9616961740977388,0.23124991326517463,9.338073978853956,24.80855282829819,78.00737762451172,N/A,Utilities
HSIC,LONG,75.45999908447266,0.05350564296211233,73.03753177555797,-0.05298134506932506,6.883853704519605,19.379845241936057,9.314791277534006,0.5061231275313993,81.91000366210938,N/A,Health Care
CB,LONG,298.2449951171875,0.09084303640332887,78.31183216350593,0.1595211475437841,1.4576826053433134,8.224475524088316,9.147299219464777,5.603041850732948,301.4458312988281,N/A,Financials
GS,LONG,815.5499877929688,0.18410949449898026,57.69040231883435,1.6489655434210881,3.760861833593987,2.9617796136929053,9.144565157372075,38.05881161089317,838.969970703125,N/A,Financials
CTRA,LONG,26.270000457763672,0.09496216984183274,51.238065232301246,1.664087858500718,1.97981453552174,13.315045132113656,8.667182872853108,-1.580994255158974,28.81731414794922,N/A,Energy
APA,LONG,24.600000381469727,0.13064222832625666,56.93641562734197,2.1594703463921006,2.286907117908088,8.22701661633829,8.24810839410397,13.750023592298266,24.920000076293945,N/A,Energy
CTSH,LONG,76.96499633789062,0.1236911751337912,66.80963661628441,0.6736421323824349,6.467001470682132,13.980694831063678,7.782639248073919,-1.6726732566146763,89.25667572021484,N/A,Information Technology
JKHY,LONG,174.02999877929688,0.09094375965509886,73.79400165651735,0.2361500251354398,4.963809153230181,12.786775980115127,7.26925724144587,2.2251286258378578,189.98756408691406,N/A,Financials
KO,LONG,72.75499725341797,0.15533800295955866,77.43123090534033,0.19969238651367238,2.313312654967037,3.69867938406343,7.2454120828543855,17.245336552449864,72.94999694824219,N/A,Consumer Staples
LUV,LONG,35.15999984741211,0.156897103242587,69.07001286513926,2.328286446012262,10.150375198540228,13.091025007555167,7.20844036846644,12.481325283119805,37.48958206176758,N/A,Industrials
PFG,LONG,85.12000274658203,0.08839242203168954,60.5678242928821,0.5077344347383717,2.4184840831057874,3.5523186213479274,7.150575343086718,3.040107590954877,86.5233383178711,N/A,Financials
LNT,LONG,68.95999908447266,0.08230735409774625,67.45287998310974,0.700928306088433,2.5885120978451193,2.2044100639410313,6.857216965172164,12.467198402143254,68.95999908447266,N/A,Utilities
C,LONG,102.80999755859375,0.24108570042032443,55.66473873726872,1.621033329376731,2.985070292377845,2.005121181642977,6.819866297523913,51.291967470824495,102.87660217285156,N/A,Financials
EW,LONG,86.7300033569336,0.12246208450035626,65.6683803552769,-0.10365853283456072,0.8253972815336352,5.523787298539062,6.770897171864432,23.056185053943224,86.81999969482422,N/A,Health Care
AEE,LONG,105.61000061035156,0.07642964119074257,66.54406840632313,0.6576462575754061,2.543939024105679,2.216415913948233,6.6425388086386095,15.903307643029386,105.72000122070312,N/A,Utilities
CNP,LONG,39.73500061035156,0.08093206774820674,66.05802308691996,0.824665730012164,0.8758599290402458,1.1055881208146934,6.60866128104689,27.442504591000993,39.996612548828125,N/A,Utilities
EPAM,LONG,185.60000610351562,0.05942060226623054,77.02703842628262,-0.10764098221595075,2.581116242072068,14.638673934839396,6.556443855748451,-24.32829010051316,267.6300048828125,N/A,Information Technology
DGX,LONG,190.0800018310547,0.12384063057920185,74.25814574897902,-1.1801425528623621,2.215527515831317,6.618803641773474,6.542442387752723,18.38957980960285,192.35000610351562,N/A,Health Care
NDSN,LONG,238.37750244140625,0.13919170972497127,63.8787564474515,0.01993060461822349,4.749085894166227,1.2992924621895607,6.491490187529569,-7.401366795740283,259.746337890625,N/A,Industrials
YUM,LONG,154.08999633789062,0.13339808051644,66.9102287306607,0.0584391804484552,3.8902297254199913,9.213977133337536,6.439811595655609,16.130936787653916,160.95530700683594,N/A,Consumer Discretionary
BMY,LONG,49.20500183105469,0.11862228015949863,62.907269033040436,0.31600937085647374,7.4579621036201305,14.91126151736577,6.402058816299405,-12.262864859004141,60.78514099121094,N/A,Health Care
IEX,LONG,174.90499877929688,0.09529257872112828,65.9498738719213,0.7227209484157227,8.179741899194592,4.764900854428222,6.317022189112009,-23.632468712999042,232.53746032714844,N/A,Industrials
PFE,LONG,25.69499969482422,0.08067520286254258,62.43900678047726,-0.0971991415151141,3.2757257296969433,6.72429155304608,6.290449443831614,7.42370203410474,26.896394729614258,N/A,Health Care
CMS,LONG,75.01000213623047,0.10091835104516829,69.33478865585306,0.2673500657182526,2.823859183229094,2.9101548680069422,6.132884176818787,11.20085181089554,75.01000213623047,N/A,Utilities
K,LONG,83.59500122070312,0.1402592040662001,80.16570614272923,0.12576758847799852,0.20978548980952194,0.6077806054520352,5.963705691682608,5.93109747761924,83.59500122070312,N/A,Consumer Staples
WAB,LONG,206.54220581054688,0.05913447652823396,54.28673878328464,0.2242837613477322,4.356410530198973,4.44508213930801,5.948784813200003,4.236655044472859,213.84689331054688,N/A,Industrials
NUE,LONG,157.7530059814453,0.12518749831642467,75.86217497581251,0.9619238281250109,6.173781153146662,3.7916970063800903,5.736440403558585,5.675040975458678,157.7530059814453,N/A,Materials
ALL,LONG,214.26499938964844,0.0909451213135535,76.73955933071281,0.7594665128230593,2.0649773091557355,12.268793574694836,5.674198655802698,7.168802603420965,214.64999389648438,N/A,Financials
CME,LONG,279.9700012207031,0.11265448899965438,61.18814822860776,1.0794967563643398,2.7450589946054205,5.121471608956973,5.450082500900866,27.687997277565167,288.00732421875,N/A,Financials
CFG,LONG,54.505001068115234,0.11561843379796864,66.93284157331195,0.5812925805297908,6.538313586160682,7.14566173633131,5.4407033631358015,18.77326570559039,54.505001068115234,N/A,Financials
NSC,LONG,290.9700012207031,0.17870799664941617,64.9240315549578,0.6607637439428826,3.265078810996025,4.268596288107718,5.2444828772631125,10.500324158838525,298.9723815917969,N/A,Industrials
SPG,LONG,186.42999267578125,0.1637135904227077,64.52271960755448,0.702202646076544,3.4974671749258723,5.464721485456936,5.180561078303669,8.059404796955839,187.6699981689453,N/A,Real Estate
BK,LONG,110.94999694824219,0.19705756209691003,57.69932305989188,1.6677354903600783,3.199697464104556,2.3052098389575226,5.086907260887696,41.51130927590274,112.63999938964844,N/A,Financials
HSY,LONG,187.5,0.1029236119159171,90.57302040866526,0.40160642570281624,2.7509888152103645,4.823573429476213,4.974992834653702,10.776383967822923,194.06492614746094,N/A,Consumer Staples
SNA,LONG,340.635009765625,0.07726763343450212,52.40730822362942,0.10138446972873805,3.9383889632027547,0.13509623195535614,4.89789493320727,-4.38521101562801,361.494873046875,N/A,Industrials
HIG,LONG,138.14999389648438,0.11297846114635127,82.57811967476508,0.42159376418344774,4.516569489715949,12.600856750705036,4.8972004196444985,16.351907216600825,138.14999389648438,N/A,Financials
D,LONG,62.02000045776367,0.16021559358015178,60.41096312755043,0.7799797450364077,3.0403752663364036,4.025497431861558,4.886810786776996,11.76259751197819,62.02000045776367,N/A,Utilities
AIZ,LONG,228.34750366210938,0.08080045209306853,73.54833606150979,0.07779528184623796,1.6594731662144202,9.84054275459274,4.804939319512935,2.493158496391712,228.58999633789062,N/A,Financials
UNP,LONG,231.44000244140625,0.4049359719883344,74.07803997003968,1.0081602188134253,4.6434888807187935,6.365185135629248,4.738200281877081,-2.2468340826862,249.94412231445312,N/A,Industrials
TRGP,LONG,173.6999969482422,0.0731326154121799,57.08982592831529,1.5433177992091096,2.080390932032561,14.628294923191131,4.728070576522181,-14.356718962500493,212.51329040527344,N/A,Energy
PCAR,LONG,105.05000305175781,0.19042861891654037,67.99107874641618,0.1239085828072195,8.871391208935275,6.287047993349715,4.692948594051272,-4.573377779912368,113.59578704833984,N/A,Industrials
HST,LONG,17.860000610351562,0.07206101911179588,57.25807443989598,0.3934777471715778,5.058827119715081,9.50337949210731,4.495741733776559,3.442148942013401,18.18000030517578,N/A,Real Estate
TSN,LONG,57.90999984741211,0.10473168898247341,73.10551697399656,1.3475681938897033,9.161169991038154,11.066360808031028,4.117225745242825,-6.056241402843121,62.83639907836914,N/A,Consumer Staples
HLT,LONG,286.75,0.2352575319755945,72.29241468502084,0.70944014881833,7.453954345051406,9.970425963730989,3.897454904758524,13.59854341994069,286.75,N/A,Consumer Discretionary
TDG,LONG,1355.4150390625,0.10847836340410978,75.74567682550492,0.21256302342020916,1.0606325932727145,1.5200913790172965,3.6160678458313944,14.940246611669682,1516.55029296875,N/A,Industrials
TXT,LONG,83.31500244140625,0.10250213328871842,66.42002520258904,0.4763679223148687,4.430939729503636,4.208887581749998,3.5735422660887917,-2.318545654912829,87.33999633789062,N/A,Industrials
DOC,LONG,18.184999465942383,0.1413786855140841,64.21964429819523,0.41412950338584054,3.265183621020573,1.4506406147450024,3.5544452315334096,-10.603415741251665,21.000558853149414,N/A,Real Estate
NI,LONG,43.33000183105469,0.09228394933000002,55.765235207841165,0.4404321838072267,1.4754123111445638,0.5298600775726303,3.51187834504203,18.15324482198635,43.939998626708984,N/A,Utilities
DAL,LONG,63.814998626708984,0.2990722724049639,64.97879222239392,2.678997682947415,12.212062291653103,10.292080804596516,3.29197530311538,1.9597518866588892,68.24054718017578,N/A,Industrials
VTRS,LONG,10.618300437927246,0.11247910394871034,61.392230371878895,0.5520834847908329,2.691492081551883,4.388048336110528,3.1847333864173155,-16.546066493044385,12.714030265808105,N/A,Health Care
ACGL,LONG,93.9749984741211,0.11307596162639909,79.77957734533565,0.38991332271092194,3.0766703537471685,10.92421756381694,3.042764932825359,-5.732775431161419,100.73999786376953,N/A,Financials
OTIS,SHORT,88.45500183105469,0.12674529697199505,38.232895805612536,0.01695996069015493,2.1656271198269517,-2.6648270831822196,3.0342197193222065,-11.029073774820631,102.87491607666016,N/A,Industrials
DOV,LONG,186.27499389648438,0.13059051553548864,66.77550141724373,0.1370764531592794,3.693495062001362,3.6531005160274077,2.8745800293479062,-8.025405705630495,204.7109832763672,N/A,Industrials
HAS,LONG,82.87999725341797,0.08283657075123602,76.46624598993641,1.6059796046276942,8.38236685025635,7.326213389458247,2.512320449454819,37.856137707320414,82.87999725341797,N/A,Consumer Discretionary
BDX,LONG,194.86000061035156,0.07558676278899812,77.4082270117474,-0.32226961231249796,1.9035662411941878,5.781441565781487,2.441343086041914,-11.188246899183508,245.13246154785156,N/A,Health Care
XOM,LONG,114.94000244140625,0.16203051059640278,54.18849381940678,0.3755133151287726,-2.0536822020038703,0.795739144217289,2.289663563547184,-2.1607238334896195,119.29000091552734,N/A,Energy
ADI,LONG,258.82000732421875,0.3091610000122222,68.07917126975464,2.698199720846861,11.464259571850999,8.134531324090544,2.2000448397286876,22.686241269234152,258.82000732421875,N/A,Information Technology
DVN,LONG,36.415000915527344,0.18777170902330897,76.47840400195881,1.6610866157799054,3.217126347794874,13.761333411351306,2.1964918651542265,-5.116129188727769,37.74625015258789,N/A,Energy
PNW,LONG,90.30500030517578,0.03975695829969735,71.97034785791828,0.8994416817606599,1.7865183303252596,0.6208567013189947,2.1529305651843966,1.155120207655691,92.81592559814453,N/A,Utilities
USB,LONG,49.17499923706055,0.11479095367274526,64.81837981402538,0.5418102442755535,5.07478640751613,4.030037573194045,2.1215588153930875,-2.1036326421999596,51.35135269165039,N/A,Financials
VMC,LONG,295.6099853515625,0.08145927677895719,61.91474612651073,0.9872861843425618,4.003790565867371,1.2047659043444403,1.7018184444911766,4.635503196354929,308.5428771972656,N/A,Materials
PEG,LONG,83.30999755859375,0.09252640890111714,55.73769072319677,1.399700395844472,2.712362139917701,2.5101525775704348,1.6705385724590238,-7.0341413196483575,91.65989685058594,N/A,Utilities
MLM,LONG,621.0599975585938,0.1444614937283905,58.64924939868956,0.5065306620348542,4.0615244021480645,0.6841272484598093,1.5690962424478982,4.487786915479419,656.8499755859375,N/A,Materials
PRU,LONG,108.72000122070312,0.08394898682332382,67.50652252496252,0.3414884649679095,4.98262242541081,8.582252068527563,1.3028261204456104,-10.57483343402189,123.12604522705078,N/A,Financials
SYF,LONG,77.20999908447266,0.09072309827012491,61.596940894456694,0.9149090690074857,6.423150705300951,3.7570882678702677,1.2370037132319434,19.08314370766371,77.20999908447266,N/A,Financials
NTRS,LONG,131.3699951171875,0.085750781679352,56.67100137800053,1.1082910202262042,4.2536250218949245,3.164754904345579,0.9135412484872374,23.417905426181672,134.60000610351562,N/A,Financials
WYNN,LONG,127.58000183105469,0.12187042985521192,58.13421259698519,0.08629529245951506,7.826235767506962,5.787945038640818,0.8716546708082973,41.11163336655328,133.0638885498047,N/A,Consumer Discretionary
CBRE,LONG,163.3800048828125,0.12446635192636964,73.56567975830816,0.721286061598625,7.63555709158763,2.4711505149745516,0.8580772532334358,20.63797808358703,165.89999389648438,N/A,Real Estate
FANG,LONG,149.17999267578125,0.11640055486887173,66.47520265718,1.4691799350769807,0.3295381171091849,6.424556984347629,0.695593134869843,-17.202528709329947,175.2056427001953,N/A,Energy
TFC,LONG,46.47999954223633,0.10806673107049924,74.92447632014625,0.34542281620522086,4.098539650209787,6.066723098843818,0.4902345663657881,1.7032830225185425,46.53003692626953,N/A,Financials
TKO,LONG,190.27999877929688,0.10063505780031516,61.652441216074855,1.5259847605875398,1.0139638539148121,1.5097369309833075,0.45074065786097073,41.3852138489639,205.3300018310547,N/A,Communication Services
FTNT,SHORT,79.52999877929688,0.18163307651510976,46.73561228691834,-1.6569851882956566,-0.2508523381610117,-7.383258139627246,0.30268364358478905,-14.271853339297369,114.56999969482422,N/A,Information Technology
MCD,LONG,310.6000061035156,0.19132972104683543,69.11256952339393,0.04831499133082229,2.596292568766878,1.3707611914803852,0.045915343155988886,9.497486485678142,317.6745300292969,N/A,Consumer Discretionary
ULTA,LONG,530.4299926757812,0.15483596000602964,59.99611044555854,1.8060674814371236,6.638384586270285,2.2436853334556917,-0.03769334662396817,56.755713996599575,566.9099731445312,N/A,Consumer Discretionary
FRT,LONG,98.57499694824219,0.06643565245691364,60.56448559446783,0.19821071383232525,2.500778647278268,0.5867315798389727,-0.13334699885002577,-10.313393778187974,112.4654541015625,N/A,Real Estate
LEN,LONG,131.39999389648438,0.08423459263730002,65.47384783785502,0.24411966811086483,14.102109862747758,2.480106571132823,-0.8791628730370538,-18.394176908344683,170.05059814453125,N/A,Consumer Discretionary
DAY,LONG,69.05000305175781,0.14436572759180274,66.06093393814128,-0.0289512713982365,0.11599511329378753,0.9502946072786012,-0.932559433204927,-13.460330543346943,81.80000305175781,N/A,Industrials
ECL,LONG,275.43499755859375,0.14779135111085318,79.91711000612881,0.7222285399069328,5.328870959309273,2.666989269365172,-1.0471697844285366,13.41959658835934,284.7843017578125,N/A,Materials
TRMB,LONG,81.18000030517578,0.09564632121218503,56.17801009476423,0.4081655377647486,7.154168447882503,0.8447208759947644,-1.2528874720440397,12.251107090347023,85.23999786376953,N/A,Information Technology
SJM,SHORT,103.0,0.25991868837310833,47.884253745434954,2.6100844971808534,-1.6142921023926116,-0.7654059165223104,-2.5135422569831367,-5.390461157533766,115.39292907714844,N/A,Consumer Staples
ORLY,LONG,101.35700225830078,0.15010830741345724,72.73119126746869,-0.022681984356054397,2.6920014105491052,5.251297036641844,-2.5319700543874113,23.870959260033842,107.81999969482422,N/A,Consumer Discretionary
DG,LONG,107.9000015258789,0.22269001848238756,77.58304274399387,3.441668153878119,8.278976290690254,5.8673503378806835,-2.8263670674059216,47.69931754697054,115.62063598632812,N/A,Consumer Staples
PODD,LONG,328.05499267578125,0.14939921498121078,52.01681092260423,-0.24175563721416937,-5.284961730553639,1.14540185602654,-2.8273143528343647,24.768950600590323,352.82000732421875,N/A,Health Care
DLTR,LONG,109.29000091552734,0.24834839307887152,62.39837487675244,3.4355452655731034,9.34467659075744,6.416751862812942,-2.8533325195312487,64.59337109040936,117.16000366210938,N/A,Consumer Staples
UAL,LONG,101.73999786376953,0.27398800576314514,58.65937323518134,2.861180969447563,11.398221640213691,7.162413363703046,-3.1785343634225915,6.824863655811431,110.5199966430664,N/A,Industrials
KEY,LONG,18.472999572753906,0.08955244693205514,64.60469348018388,0.5606898683451877,6.472617674888204,5.019894329199914,-3.5105977056154147,-1.2379553999139148,19.229999542236328,N/A,Financials
EQIX,SHORT,752.9600219726562,0.1574192768385288,21.745971866218014,0.642918853389185,-1.5841473893526414,-7.181490194709372,-3.666341324607847,-17.74318009683856,962.9168090820312,N/A,Real Estate
FITB,LONG,43.525001525878906,0.1015172873154337,57.8361275426779,0.5660876929119318,4.930091625387534,2.9446612642563874,-3.7019875855449746,-5.795175298489985,46.7233772277832,N/A,Financials
PHM,LONG,126.31999969482422,0.12406801522191521,64.82149425913491,0.4852443041875043,11.040785269635322,4.621502343697714,-3.7602186013420247,-1.8902508613704683,141.18927001953125,N/A,Consumer Discretionary
COST,SHORT,907.2000122070312,0.14923709675509159,41.62577900818669,1.439065543060547,1.8639161325119558,-1.6962977493586995,-3.8601126287422183,-5.402030542724001,1072.45361328125,N/A,Consumer Staples
MTB,LONG,191.5399932861328,0.0686867732402811,64.36538279418633,-0.020883466196619516,4.8787100504309455,5.584030328829792,-3.89671547689191,-10.90811546944559,215.79849243164062,N/A,Financials
V,SHORT,334.07000732421875,0.1825794881661569,47.14944672541558,-0.1375037983907701,3.0698544850445764,-3.507720048078633,-4.324091082422498,8.557942775155936,371.9176025390625,N/A,Financials
FCX,LONG,42.20000076293945,0.23845375177250416,64.30297856853252,2.7514026698608474,2.3030321525804975,2.50182812680102,-4.549551030353605,-2.0049670408246567,46.88663101196289,N/A,Materials
NDAQ,LONG,90.41999816894531,0.10084424032579162,69.78484938886264,1.435942100135934,5.115091487548407,2.796724772711956,-4.792794813427603,12.904574893416587,96.6670150756836,N/A,Financials
PNC,LONG,193.72999572753906,0.12699213842998958,69.95201000354857,0.5919307395636286,5.8807424359455185,5.956026913019397,-4.917757904523756,-4.364901663279164,207.3260955810547,N/A,Financials
INTU,SHORT,631.6099853515625,0.41580043095387326,41.409961911960565,-2.5398524521474397,-2.921829932724551,-6.969791854049978,-5.303154326248327,-0.6774623227329024,805.9171142578125,N/A,Information Technology
RF,LONG,25.625,0.09698285730463424,66.05619022644609,0.8064513103492654,5.800993916093189,5.583022318414832,-5.322554877644425,-2.1095275567602267,27.399999618530273,N/A,Financials
AZO,LONG,3957.205078125,0.09748932819968785,79.97908125836659,0.23137911960668944,3.903192222526153,4.054827192348154,-5.715502277899032,27.67731700362188,4354.5400390625,N/A,Consumer Discretionary
AIG,SHORT,76.12000274658203,0.11407622306432821,49.18701109597464,1.479803464524121,0.4884524707353455,-2.895773262840673,-6.167529107982195,2.2482897557927206,86.75017547607422,N/A,Financials
GWW,SHORT,946.844970703125,0.06467535650496559,48.381799642508035,0.541010958654109,2.632346211498171,-1.493449991843565,-6.444653831346092,-20.82854623176512,1206.498046875,N/A,Industrials
TPL,SHORT,860.0,0.10236771366498508,25.060241449259593,-0.5101714789903178,-5.052111958162719,-6.011957156590619,-6.553213987439078,-50.02613209276354,1628.0802001953125,N/A,Energy
HBAN,LONG,16.30500030517578,0.23502219529169022,68.86994643968262,0.7725586998908351,6.014305486684246,4.922782144148297,-7.576976336463503,-5.28205695276156,17.8700008392334,N/A,Financials
WDAY,SHORT,210.2550048828125,1.4179758643985545,39.966195722595984,-10.028241394053506,-6.077457201128034,-11.258594782244913,-7.984680576449676,-21.473387532096165,279.9100036621094,N/A,Information Technology
DHI,LONG,154.7899932861328,0.1455179218981746,65.46504654069561,0.1682485659028954,12.54998521052424,0.9876148693244824,-8.076217875028524,-4.219217458447977,183.47286987304688,N/A,Consumer Discretionary
HON,SHORT,190.59500122070312,0.1603863515751699,42.67007943474726,-0.22249138428015458,0.013115335847069254,-5.119865715214377,-8.094650450416507,-9.80910338688611,224.0632781982422,N/A,Industrials
MTCH,LONG,33.529998779296875,0.11215514290232108,58.56027287664888,0.41928539145716925,6.410658634535715,2.600974498725672,-8.97872366865008,8.860992458600702,38.558082580566406,N/A,Communication Services
ODFL,SHORT,135.46499633789062,0.1074682680479517,46.72166308522219,0.8449300166491591,6.238721722521112,-0.459254917200691,-9.339678653292227,-38.10123127026973,224.5328826904297,N/A,Industrials
ABNB,SHORT,117.55000305175781,0.19576263949483153,43.8019998933661,-0.8518847230380433,2.7175817406539293,-8.171230297583943,-9.89575578546794,-14.409490180445683,161.4199981689453,N/A,Consumer Discretionary
ADBE,SHORT,316.8699951171875,0.21662719770863884,40.626096982686846,-0.8386771328927622,-0.38979921771541415,-11.958547444357414,-10.478584369216149,-38.12945816419511,552.9600219726562,N/A,Information Technology
CRM,SHORT,227.39010620117188,0.4562757353306212,38.1010413715085,-2.874546837679126,-0.21498098610825966,-10.567878898047267,-10.507179339078876,-33.11312453758487,365.6567077636719,N/A,Information Technology
DVA,SHORT,120.5999984741211,0.058663743860659034,48.20947354288835,-0.634427169016949,4.687501448724052,-6.951625718541099,-11.343086410086888,-27.13431062971847,177.35000610351562,N/A,Health Care
CTAS,SHORT,183.91000366210938,0.12365499014343521,48.37404681681149,0.13067212694328756,0.2398225532668663,-2.9166974430336445,-11.505630860324622,-16.389327003760446,226.6531219482422,N/A,Industrials
PYPL,SHORT,61.84000015258789,0.13059522213949962,34.88075746037977,1.0127391694253918,2.87805610492442,-15.115093483444998,-11.528751408713966,-28.566370544306164,91.5982437133789,N/A,Financials
LII,SHORT,490.19049072265625,0.19786967196863162,49.574437364033656,1.2455566372548743,9.79985844503084,-2.188824499021469,-12.165308052642542,-24.807540816064765,672.4723510742188,N/A,Industrials
MGM,LONG,34.76499938964844,0.16292980719465394,68.4657524803071,1.8306971621959267,11.784562582714386,8.810637118901909,-12.18742294605436,-8.02910028748488,40.369998931884766,N/A,Consumer Discretionary
VICI,SHORT,29.0049991607666,0.14265153196529057,37.4391935838875,0.8869536026664404,-0.49742867808305613,-4.463114039342142,-12.23223483087288,-4.922785185259282,33.46164321899414,N/A,Real Estate
NOW,SHORT,803.6013793945312,0.3583057620941337,28.4747223856143,-2.6303592866050662,-1.5737194709284807,-14.319987802209155,-13.46097345226973,-24.231435235459553,1170.3900146484375,N/A,Information Technology
WY,SHORT,22.270000457763672,0.178598268309157,42.39130829142434,0.5871773789479784,4.309133769816875,-6.19207804350056,-13.4809673443262,-26.586424489371442,31.52031135559082,N/A,Real Estate
GDDY,SHORT,126.52999877929688,0.14542524606144228,31.02835504316114,0.10284592709546292,1.810428083440585,-3.301495699435575,-14.425809375765276,-35.55895347790805,214.35000610351562,N/A,Information Technology
LIN,SHORT,409.0199890136719,0.13662331867350283,42.95928411083758,0.2868659783369809,-1.0116222337537062,-7.6120374309068595,-14.896901419969533,-8.910022837795385,483.5899963378906,N/A,Materials
GPN,SHORT,74.39659881591797,0.08146858949120085,42.17312103221433,0.5087843689963734,3.2855755611942428,-13.118531820403179,-15.425311856505674,-35.756045729221064,118.07818603515625,N/A,Financials
ROP,SHORT,444.26251220703125,0.08228348613415101,49.81685094642857,-0.48105809400803556,-0.11634663736810325,-2.6081838301393323,-15.493976963891043,-20.198035867482723,591.1190185546875,N/A,Information Technology
HPQ,SHORT,23.600000381469727,0.6073352718836581,33.0251004066659,-2.960523529561243,5.028932366026573,-15.924472254906041,-15.91808473783618,-35.59166337333773,37.765533447265625,N/A,Information Technology
MOH,SHORT,144.81500244140625,0.13023088417564088,47.72885000968239,-1.332017288372811,4.847239763177225,-11.069144130341769,-17.115956141461687,-50.199457276388884,353.239990234375,N/A,Health Care
CARR,SHORT,54.459999084472656,0.2727986476724417,42.19096421806863,0.94531661597963,6.263412847751515,-6.92985370899184,-17.38037617249355,-28.319576523840674,80.42076873779297,N/A,Industrials
PAYX,SHORT,111.19999694824219,0.10316068851613208,48.034899823757335,-0.8117060540140164,1.5061559566591942,-9.492323380879364,-19.063747101745676,-20.60980611636286,157.05911254882812,N/A,Industrials
CMCSA,SHORT,26.665000915527344,0.12106361526350091,42.96621729274921,-0.05621960073789456,-0.7629323308644298,-8.931009937820312,-19.72584871838835,-36.34138960346001,41.714054107666016,N/A,Communication Services
CPRT,SHORT,39.029998779296875,0.13269605465749595,41.18738220625256,-0.07681155386404237,-5.656273176222881,-11.436353415993473,-19.938464042467952,-37.75119887659296,63.84000015258789,N/A,Industrials
MSI,SHORT,369.7099914550781,0.13408190487591526,22.971818667537875,0.054120777290989075,-0.48451408124439155,-16.01508402091647,-21.176675885645622,-25.459099421979403,495.7451171875,N/A,Information Technology
ZBRA,SHORT,250.91749572753906,0.09622554740647232,43.713251525222994,0.6447788635381535,8.655221792614732,-8.527761306278292,-22.07531188585743,-36.82683496935334,421.1099853515625,N/A,Information Technology
POOL,SHORT,243.25900268554688,0.06599815309614167,46.794539093979644,-0.25872184414312827,4.010175135507543,-14.807256640554156,-22.386072646831757,-32.53614356880609,383.73699951171875,N/A,Consumer Discretionary
SW,SHORT,35.2599983215332,0.0946852821189121,46.40622606500128,0.8581214099453227,4.72230543230141,-18.171273621089632,-23.99224232496715,-36.03636832440101,54.74549865722656,N/A,Materials
CHTR,SHORT,199.10000610351562,0.08869092262287587,31.743870868684994,-0.8268521860632871,2.512617059077793,-20.001606317364175,-24.477486471231312,-48.721247653136324,427.25,N/A,Communication Services
FFIV,SHORT,239.4550018310547,0.11121083227692558,40.186386566571464,-0.23123731864651553,6.904324281720053,-10.510870077204071,-24.79428190287455,-3.046802990791908,343.1700134277344,N/A,Information Technology
MOS,SHORT,24.259899139404297,0.14361126531944576,44.405826243960625,0.4134904495990188,-0.9800035126355189,-17.427161904754485,-28.054502479848576,-3.976753013679979,37.55366134643555,N/A,Materials
PAYC,SHORT,161.6999969482422,0.09110649144269152,47.310727757945095,-1.6064253672127826,0.6863702954442275,-18.35020455266735,-28.193324546638323,-29.175150095197967,264.67041015625,N/A,Industrials
TTD,SHORT,39.03499984741211,0.31964178798715626,22.41865996809082,-0.14070172668479985,-2.873846277091685,-24.453258698056402,-29.488801631058692,-69.90362315660707,139.50999450683594,N/A,Communication Services
AXON,SHORT,528.8250122070312,0.08561116042054297,22.90574052910533,-0.012290351416344159,-0.4264841239532302,-29.95695202555877,-32.366671480369845,-16.975429457226475,870.969970703125,N/A,Industrials
FISV,SHORT,60.78499984741211,0.06234839602592236,35.88054182446761,0.041148002912372306,-0.6293907684448152,-51.96380637930487,-55.94651273403382,-72.04130498894526,237.7899932861328,N/A,Financials
